name,allegiances,death_year,book_of_death,death_chapter,book_intro_chapter,gender,actor_name
Addam Marbrand,Lannister,,,,56.0,Male,Not available
Aegon Frey (Jinglebell),None,299.0,3.0,51.0,49.0,Male,Not available
Aegon Targaryen,House Targaryen,,,,5.0,Male,Not available
Adrack Humble,House Greyjoy,300.0,5.0,20.0,20.0,Male,Not available
Aemon Costayne,Lannister,,,,,Male,Not available
Aemon Estermont,Baratheon,,,,,Male,Not available
Aemon Targaryen (son of Maekar I),Night's Watch,300.0,4.0,35.0,21.0,Male,Not available
Aenys Frey,None,300.0,5.0,,59.0,Female,Not available
Aeron Greyjoy,House Greyjoy,,,,11.0,Male,Not available
Aethan,Night's Watch,,,,0.0,Male,Not available
Aggar,House Greyjoy,299.0,2.0,56.0,50.0,Male,Not available
Aggo,House Targaryen,,,,54.0,Male,Not available
Alan of Rosby,Night's Watch,300.0,5.0,4.0,18.0,Male,Not available
Alayaya,None,,,,15.0,Female,Not available
Albar Royce,Arryn,,,,38.0,Male,Not available
Albett,Night's Watch,,,,26.0,Male,Not available
Alebelly,House Stark,299.0,2.0,46.0,4.0,Male,Not available
Alerie Hightower,House Tyrell,,,,6.0,Female,Not available
Alesander Staedmon,Baratheon,,,,65.0,Male,Not available
Alester Florent,Baratheon,300.0,4.0,,36.0,Male,Not available
Alia of Braavos,None,,,,28.0,Female,Not available
Alla Tyrell,House Tyrell,,,,6.0,Female,Not available
Allard Seaworth,Baratheon,299.0,2.0,10.0,10.0,Male,Not available
Alliser Thorne,Night's Watch,,,,19.0,Male,Not available
Alyn,House Stark,298.0,3.0,34.0,12.0,Male,Not available
Alyn Ambrose,Tyrell,,,,59.0,Male,Not available
Alyn Estermont,Baratheon,,,,,Male,Not available
Alyn Stackspear,Lannister,,,,16.0,Male,Not available
Alys Karstark,Stark,,,,44.0,Female,Not available
Alysane Mormont,Stark,,,,35.0,Female,Not available
Alyx Frey,None,,,,49.0,Male,Not available
Ambrode,Greyjoy,,,,24.0,Male,Not available
Amory Lorch,House Lannister,299.0,2.0,47.0,14.0,Male,Not available
Andar Royce,Arryn,,,,29.0,Male,Not available
Andrew Estermont,Baratheon,,,,36.0,Male,Not available
Andrey Dalt,Martell,,,,21.0,Male,Not available
Andrik,Greyjoy,,,,19.0,Male,Not available
Anguy,None,,,,30.0,Male,Not available
Antario Jast,Lannister,,,,32.0,Male,Not available
Anvil Ryn,None,299.0,3.0,34.0,34.0,Male,Not available
Anya Waynwood,Arryn,,,,38.0,Female,Not available
Archibald Yronwood,Martell,,,,6.0,Male,Not available
Ardrian Celtigar,Baratheon,,,,10.0,Male,Not available
Areo Hotah,House Martell,,,,2.0,Male,Not available
Arianne Martell,House Martell,,,,2.0,Female,Not available
Arneld,Lannister,,,,59.0,Male,Not available
Arnolf Karstark,Stark,,,,3.0,Male,Not available
Aron Santagar,Lannister,299.0,2.0,41.0,18.0,Male,Not available
Arron,Night's Watch,,,,75.0,Male,Not available
Arron Qorgyle,Martell,,,,38.0,Male,Not available
Arryk (Guard),House Tyrell,,,,6.0,Male,Not available
Arson,Wildling,,,,26.0,Male,Not available
Arthor Karstark,Stark,,,,62.0,Male,Not available
Arwyn Frey,None,,,,49.0,Female,Not available
Arwyn Oakheart,Tyrell,,,,22.0,Female,Not available
Arya Stark,Stark,,,,2.0,Female,Maisie Williams
Arys Oakheart,Lannister,300.0,4.0,21.0,57.0,Male,Not available
Asha Greyjoy,House Greyjoy,,,,11.0,Female,Not available
Aurane Waters,Lannister,,,,65.0,Male,Not available
Axell Florent,Baratheon,,,,0.0,Male,Not available
Azzak,None,,,,2.0,Male,Not available
Ballabar,Lannister,,,,4.0,Male,Not available
Balon Swann,Lannister,,,,29.0,Male,Not available
Bannen,Night's Watch,299.0,3.0,33.0,0.0,Male,Not available
Barbrey Dustin,Stark,,,,26.0,Female,Not available
Barra,None,299.0,2.0,39.0,35.0,Female,Not available
Barristan Selmy,Targaryen,,,,15.0,Male,Not available
Barsena,None,300.0,5.0,52.0,11.0,Female,Not available
Barth (brewer),House Stark,,,,50.0,Male,Not available
Bass,Night's Watch,,,,52.0,Male,Not available
Bayard Norcross,Tyrell,,,,28.0,Male,Not available
Bearded Ben,Night's Watch,,,,,Male,Not available
Becca,House Arryn,,,,12.0,Female,Not available
Becca the Baker,None,299.0,3.0,34.0,34.0,Female,Not available
Bedwyck,Night's Watch,,,,13.0,Male,Not available
Belaquo,None,,,,52.0,Male,Not available
Bella,None,,,,29.0,Female,Not available
Bellegere Otherys (courtesan),None,,,,34.0,Female,Not available
Bellonara Otherys,None,,,,34.0,Female,Not available
Belwas,House Targaryen,,,,63.0,Male,Not available
Ben,None,,,,37.0,Male,Not available
Ben Bones,None,,,,12.0,Male,Not available
Ben Plumm,None,,,,57.0,Male,Not available
Benedar Belmore,Arryn,,,,23.0,Male,Not available
Benfred Tallhart,Stark,299.0,2.0,37.0,16.0,Male,Not available
Benfrey Frey,None,299.0,5.0,51.0,51.0,Male,Not available
Benjen Stark,Night's Watch,298.0,1.0,24.0,5.0,Male,Not available
Bennet,None,300.0,4.0,31.0,31.0,Male,Not available
Beric Dondarrion,None,300.0,4.0,27.0,42.0,Male,Not available
Bessa (Winterfell),Stark,,,,37.0,Female,Not available
Beth Cassel,Stark,,,,7.0,Female,Not available
Bhakaz zo Loraq,None,,,,2.0,Male,Not available
Big Boil,Wildling,,,,41.0,Male,Not available
Big Walder Frey,None,,,,,Male,Not available
Biter,None,300.0,4.0,37.0,1.0,Male,Not available
Black Bernarr,Night's Watch,,,,18.0,Male,Not available
Black Walder Frey,None,,,,35.0,Male,Not available
Blane,Night's Watch,,,,23.0,Male,Not available
Bloodbeard,None,,,,25.0,Male,Not available
Blue Bard,House Tyrell,,,,12.0,Male,Not available
Bonifer Hasty,Lannister,,,,65.0,Male,Not available
Borcas,Night's Watch,,,,48.0,Male,Not available
Boremund Harlaw,Greyjoy,,,,11.0,Male,Not available
Boros Blount,Baratheon,,,,8.0,Male,Not available
Borroq,Wildling,,,,0.0,Male,Not available
Bowen Marsh,Night's Watch,,,,21.0,Male,Not available
Bran Stark,House Stark,,,,1.0,Male,Isaac Hempstead Wright
Brandon Norrey,Stark,,,,49.0,Male,Not available
Brenett,None,,,,49.0,Male,Not available
Brienne of Tarth,Stark,,,,22.0,Female,Gwendoline Christie
Bronn,Lannister,,,,28.0,Male,Jerome Flynn
Brown Bernarr,Night's Watch,299.0,3.0,33.0,23.0,Male,Not available
Brusco,None,,,,22.0,Male,Not available
Bryan Fossoway,Baratheon,299.0,2.0,62.0,42.0,Male,Not available
Bryce Caron,Baratheon,299.0,2.0,65.0,29.0,Male,Not available
Bryen,None,,,,68.0,Male,Not available
Bryen Farring,Baratheon,300.0,5.0,62.0,10.0,Male,Not available
Brynden Rivers,House Targaryen,,,,34.0,Male,Not available
Brynden Tully,House Tully,,,,2.0,Male,Not available
Burton Crakehall,Lannister,299.0,2.0,7.0,55.0,Male,Not available
Butterbumps,House Tyrell,,,,6.0,Male,Not available
Byam Flint,Night's Watch,299.0,3.0,33.0,33.0,Male,Not available
Byan Votyris,None,,,,54.0,Male,Not available
Byron,Arryn,,,,41.0,Male,Not available
Cadwyn,House Lannister,,,,47.0,Male,Not available
Caleotte,House Martell,,,,2.0,Male,Not available
Catelyn Tully,House Stark,299.0,3.0,51.0,2.0,Female,Not available
Cayn,House Stark,298.0,1.0,49.0,4.0,Male,Not available
Cellador,Night's Watch,,,,48.0,Male,Not available
Cersei Frey,None,,,,49.0,Female,Not available
Cersei Lannister,House Lannister,,,,4.0,Female,Lena Headey
Chataya,None,,,,15.0,Female,Not available
Chayle,Stark,299.0,2.0,50.0,9.0,Male,Not available
Chella,Lannister,,,,56.0,Female,Not available
Chett,Night's Watch,299.0,3.0,46.0,41.0,Male,Not available
Chiggen,Lannister,298.0,1.0,42.0,31.0,Male,Not available
Chiswyck,None,299.0,2.0,30.0,26.0,Male,Not available
Clayton Suggs,Baratheon,,,,17.0,Male,Not available
Clement Piper,Tully,,,,38.0,Male,Not available
Cleos Frey,None,299.0,3.0,21.0,7.0,Male,Not available
Cley Cerwyn,Stark,299.0,2.0,66.0,16.0,Male,Not available
Clubfoot Karl,Night's Watch,300.0,5.0,4.0,0.0,Male,Not available
Clydas,Night's Watch,,,,41.0,Male,Not available
Cohollo,None,298.0,1.0,64.0,11.0,Male,Not available
Coldhands,None,,,,46.0,Male,Not available
Colemon,House Arryn,,,,34.0,Male,Not available
Colen of Greenpools,House Baratheon,,,,22.0,Male,Not available
Conn,Lannister,298.0,1.0,62.0,42.0,Male,Not available
Conwy,Night's Watch,,,,6.0,Male,Not available
Corliss Penny,Baratheon,,,,26.0,Male,Not available
Cortnay Penrose,Baratheon,299.0,2.0,42.0,31.0,Male,Not available
Cotter Pyke,Night's Watch,,,,48.0,Male,Not available
Cragorn,House Greyjoy,300.0,4.0,29.0,19.0,Male,Not available
Craster,None,299.0,3.0,33.0,23.0,Male,Not available
Cregan Karstark,Stark,,,,44.0,Male,Not available
Creighton Longbough,None,,,,4.0,Male,Not available
Cressen,Baratheon,299.0,1.0,0.0,0.0,Male,Not available
Cuger,Night's Watch,,,,,Male,Not available
Cutjack,None,,,,5.0,Male,Not available
Daario Naharis,Targaryen,,,,42.0,Male,Michiel Huisman
Dacey Mormont,Stark,299.0,3.0,51.0,63.0,Female,Not available
Daemon Sand,Martell,,,,38.0,Male,Not available
Daenerys Targaryen,House Targaryen,,,,3.0,Female,Emilia Clarke
Dagon Codd,Greyjoy,300.0,5.0,20.0,20.0,Male,Not available
Dagmer,House Greyjoy,,,,11.0,Male,Not available
Dalbridge,Night's Watch,299.0,2.0,53.0,43.0,Male,Not available
Dale Seaworth,Baratheon,299.0,2.0,58.0,10.0,Male,Not available
Dalla,Wildling,300.0,3.0,76.0,73.0,Female,Not available
Dalla (Dragonstone),Baratheon,,,,0.0,Female,Not available
Damon Dance-for-Me,None,,,,12.0,Male,Not available
Damon Vypren,None,,,,49.0,Male,Not available
Dancy,None,,,,29.0,Female,Not available
Danwell Frey,None,,,,59.0,Male,Not available
Dareon,Night's Watch,300.0,4.0,34.0,19.0,Male,Not available
Daryn Hornwood,Stark,298.0,1.0,63.0,63.0,Male,Not available
Daven Lannister,House Lannister,,,,12.0,Male,Not available
Davos Seaworth,Baratheon,,,,0.0,Male,Liam Cunningham
Del,Wildling,299.0,3.0,41.0,41.0,Male,Not available
Delp,House Tully,299.0,3.0,20.0,39.0,Male,Not available
Denys Drumm,Greyjoy,,,,19.0,Male,Not available
Denys Mallister,Night's Watch,,,,48.0,Male,Not available
Dermot,Baratheon,,,,65.0,Male,Not available
Desmond,House Stark,298.0,1.0,50.0,1.0,Male,Not available
Desmond Grell,Tully,,,,7.0,Male,Not available
Devan Seaworth,Baratheon,,,,10.0,Male,Not available
Deziel Dalt,Martell,,,,38.0,Male,Not available
Dhazzar,None,,,,2.0,Male,Not available
Dick Crabb,None,300.0,4.0,20.0,9.0,Male,Not available
Dick Follard,Night's Watch,299.0,3.0,55.0,41.0,Male,Not available
Dickon Manwoody,Martell,,,,38.0,Male,Not available
Dirk,Night's Watch,300.0,5.0,4.0,0.0,Male,Not available
Dobber,None,299.0,2.0,14.0,5.0,Male,Not available
Donal Noye,Night's Watch,300.0,3.0,64.0,19.0,Male,Not available
Donella Hornwood,Stark,299.0,2.0,35.0,16.0,Female,Not available
Donnel Drumm,Greyjoy,,,,19.0,Male,Not available
Donnel Haigh,None,,,,49.0,Male,Not available
Donnel Hill,Night's Watch,,,,0.0,Male,Not available
Donnel Locke,Stark,299.0,3.0,51.0,25.0,Male,Not available
Donnel Waynwood,Tully,,,,34.0,Male,Not available
Donnis,House Stark,,,,7.0,Male,Not available
Dontos Hollard,None,300.0,3.0,61.0,57.0,Male,Not available
Donyse,None,,,,72.0,Female,Not available
Doran Martell,Martell,,,,2.0,Male,Not available
Doreah,House Targaryen,299.0,2.0,12.0,11.0,Female,Not available
Dornish Dilly,Night's Watch,299.0,3.0,55.0,55.0,Male,Not available
Draqaz,None,,,,2.0,Male,Not available
Drennan,House Greyjoy,299.0,2.0,50.0,50.0,Male,Not available
Drogo,Targaryen,298.0,1.0,64.0,3.0,Male,Not available
Dudley,Stark,299.0,3.0,34.0,34.0,Male,Not available
Dunsen,None,,,,26.0,Male,Not available
Dunstan Drumm,Greyjoy,,,,19.0,Male,Not available
Duram Bar Emmon,Baratheon,,,,0.0,Male,Not available
Dykk Harlaw,Greyjoy,299.0,2.0,66.0,66.0,Male,Not available
Dywen,Night's Watch,,,,48.0,Male,Not available
Easy,Night's Watch,300.0,3.0,55.0,55.0,Male,Not available
Ebben,Night's Watch,299.0,2.0,68.0,43.0,Male,Not available
Eddard Karstark,Stark,298.0,1.0,63.0,53.0,Male,Not available
Eddard Stark,House Stark,299.0,1.0,65.0,1.0,Male,Not available
Eddison Tollett,Night's Watch,,,,13.0,Male,Not available
Edmure Tully,House Tully,,,,28.0,Male,Not available
Edric Dayne,None,,,,34.0,Male,Not available
Edric Storm,House Baratheon,,,,10.0,Male,Not available
Edwyn Frey,None,,,,38.0,Male,Not available
Eggon,None,,,,30.0,Male,Not available
Elder Brother,None,,,,31.0,Male,Not available
Eldred Codd,Greyjoy,,,,18.0,Male,Not available
Eleyna Westerling,Stark,,,,45.0,Female,Not available
Elinor Tyrell,Tyrell,,,,6.0,Female,Not available
Ellaria Sand,Martell,,,,38.0,Female,Indira Varma
Elmar Frey,None,,,,59.0,Male,Not available
Elyas Willum,Baratheon,,,,22.0,Male,Not available
Emmon Cuy,Baratheon,299.0,2.0,42.0,33.0,Male,Not available
Emmon Frey,Lannister,,,,29.0,Male,Not available
Emmond,Greyjoy,,,,1.0,Male,Not available
Emrick,Night's Watch,,,,75.0,Male,Not available
Endehar,Greyjoy,,,,56.0,Male,Not available
Elwood,House Tully,299.0,3.0,20.0,20.0,Male,Not available
Endrew Tarth,Night's Watch,299.0,3.0,69.0,60.0,Male,Not available
Enger,House Tully,,,,39.0,Male,Not available
Eon Hunter,Arryn,300.0,3.0,80.0,38.0,Male,Not available
Erik Ironmaker,Greyjoy,,,,19.0,Male,Not available
Ermesande Hayford,None,,,,2.0,Female,Not available
Eroeh,Targaryen,298.0,1.0,68.0,61.0,Male,Not available
Erreck,None,,,,12.0,Male,Not available
Erryk (Guard),House Tyrell,,,,6.0,Male,Not available
Esgred,Greyjoy,,,,24.0,Male,Not available
Ezzara,Targaryen,,,,30.0,Female,Not available
Falia Flowers,Greyjoy,,,,29.0,Female,Not available
Falyse Stokeworth,Lannister,300.0,5.0,36.0,2.0,Female,Not available
Farlen,House Stark,299.0,2.0,56.0,46.0,Male,Not available
Fat Walda Frey,None,,,,37.0,Female,Not available
Flement Brax,Lannister,,,,56.0,Male,Not available
Fletcher Will,None,299.0,3.0,34.0,34.0,Male,Not available
Fogo,None,298.0,1.0,61.0,46.0,Male,Not available
Forley Prester,Lannister,,,,33.0,Male,Not available
Fornio,Night's Watch,,,,33.0,Male,Not available
Frenken,Lannister,,,,15.0,Male,Not available
Frenya,Wildling,300.0,5.0,69.0,37.0,Female,Not available
Frynne,Martell,,,,40.0,Female,Not available
Gage,House Stark,,,,4.0,Male,Not available
Galazza Galare,None,,,,23.0,Female,Not available
Galbart Glover,Stark,,,,55.0,Male,Not available
Gared,Night's Watch,297.0,1.0,1.0,0.0,Male,Not available
Garin (Orphan),Martell,,,,21.0,Male,Not available
Gariss,House Stark,,,,50.0,Male,Not available
Garlan Tyrell,House Tyrell,,,,62.0,Male,Not available
Garrett Paege,Lannister,,,,30.0,Male,Not available
Garse Goodbrook,None,299.0,3.0,,,Male,Not available
Garth Greyfeather,Night's Watch,300.0,5.0,31.0,48.0,Male,Not available
Garth of Greenaway,Night's Watch,300.0,5.0,4.0,33.0,Male,Not available
Garth of Oldtown,Night's Watch,299.0,3.0,33.0,33.0,Male,Not available
Gawen Westerling,Stark,,,,33.0,Male,Not available
Gelmarr,House Greyjoy,299.0,2.0,56.0,50.0,Male,Not available
Gendry,None,,,,27.0,Male,Joe Dempsie
Genna Lannister,Lannister,,,,33.0,Female,Not available
Gerald Gower,Baratheon,,,,54.0,Male,Not available
Gerold Dayne,Martell,,,,13.0,Male,Not available
Gerren,None,299.0,2.0,19.0,14.0,Male,Not available
Gerris Drinkwater,Martell,,,,6.0,Male,Not available
Gevin Harlaw,Greyjoy,299.0,2.0,66.0,37.0,Male,Not available
Ghael,None,,,,71.0,Male,Not available
Ghost of High Heart,None,,,,22.0,Female,Not available
Gillam,None,,,,31.0,Male,Not available
Gilly,Wildling,,,,23.0,Female,Hannah Murray
Gilwood Hunter,Arryn,,,,80.0,Male,Not available
Gladden Wylde,Stark,298.0,1.0,55.0,43.0,Male,Not available
Glendon Hewett,Night's Watch,,,,69.0,Male,Not available
Goady,Night's Watch,,,,0.0,Male,Not available
Godric Borrell,None,,,,9.0,Male,Not available
Godry Farring,Baratheon,,,,3.0,Male,Not available
Godwyn,House Lannister,,,,32.0,Male,Not available
Goghor,None,,,,52.0,Male,Not available
Gormond Goodbrother,Greyjoy,,,,1.0,Male,Not available
Gorold Goodbrother,Greyjoy,,,,1.0,Male,Not available
Gran Goodbrother,Greyjoy,,,,1.0,Male,Not available
Grazdan,None,299.0,3.0,27.0,27.0,Male,Not available
Grazdan mo Eraz,None,,,,42.0,Male,Not available
Grazdan mo Ullhor,None,299.0,3.0,27.0,27.0,Male,Not available
Grazdan zo Galare,None,,,,2.0,Male,Not available
Grazdar zo Galare,None,,,,2.0,Male,Not available
Gregor Clegane,Lannister,300.0,4.0,72.0,29.0,Male,Not available
Grenn,Night's Watch,,,,19.0,Male,Not available
Grey Worm,Targaryen,,,,42.0,Male,Jacob Anderson
Greydon Goodbrother,Greyjoy,,,,1.0,Male,Not available
Grigg,Wildling,,,,30.0,Male,Not available
Grisel,None,,,,68.0,Female,Not available
Groleo,House Targaryen,300.0,5.0,59.0,,Male,Not available
Grubbs,Night's Watch,300.0,5.0,4.0,0.0,Male,Not available
Grunt,None,,,,12.0,Male,Not available
Gueren,Night's Watch,,,,38.0,Male,Not available
Guncer Sunglass,Baratheon,299.0,3.0,10.0,0.0,Male,Not available
Guyard Morrigen,Baratheon,299.0,2.0,62.0,22.0,Male,Not available
Gwin Goodbrother,Greyjoy,,,,1.0,Female,Not available
Gylbert Farwynd,Greyjoy,,,,19.0,Male,Not available
Gyles Farwynd,Greyjoy,,,,19.0,Male,Not available
Gyles Grafton,Arryn,,,,41.0,Male,Not available
Gyles Rosby,Lannister,300.0,4.0,39.0,57.0,Male,Not available
Gynir,House Greyjoy,299.0,2.0,56.0,50.0,Male,Not available
Gysella Goodbrother,Greyjoy,,,,1.0,Female,Not available
Haggo,None,298.0,1.0,64.0,11.0,Male,Not available
Hairy Hal,Night's Watch,300.0,5.0,31.0,55.0,Male,Not available
Hake,Night's Watch,299.0,3.0,46.0,52.0,Male,Not available
Halder,Night's Watch,,,,19.0,Male,Not available
Haldon,House Targaryen,,,,8.0,Male,Not available
Hali,Wildling,298.0,1.0,37.0,37.0,Female,Not available
Hallis Mollen,Stark,,,,14.0,Male,Not available
Hallyne,Lannister,,,,17.0,Male,Not available
Halys Hornwood,Stark,298.0,1.0,62.0,53.0,Male,Not available
Hamish the Harper,None,300.0,5.0,43.0,32.0,Male,Not available
Hareth (Mole's Town),Night's Watch,,,,64.0,Male,Not available
Harghaz,None,300.0,5.0,70.0,52.0,Male,Not available
Harma,Wildling,300.0,3.0,75.0,0.0,Female,Not available
Harmund Sharp,Greyjoy,,,,19.0,Male,Not available
Harmune,Night's Watch,,,,78.0,Male,Not available
Harra,None,299.0,2.0,64.0,26.0,Female,Not available
Harrag Sharp,Greyjoy,299.0,5.0,19.0,66.0,Male,Not available
Harras Harlaw,Greyjoy,,,,11.0,Male,Not available
Harwood Fell,House Baratheon,300.0,5.0,42.0,17.0,Male,Not available
Hazzea,None,300.0,5.0,11.0,11.0,Female,Not available
Harrion Karstark,Stark,,,,53.0,Male,Not available
Harry Strickland,None,,,,24.0,Male,Not available
Harwin,Stark,,,,1.0,Male,Not available
Harwood Stout,Stark,,,,32.0,Male,Not available
Harys Haigh,None,,,,64.0,Male,Not available
Harys Swyft,Lannister,,,,69.0,Male,Not available
Helman Tallhart,Stark,299.0,3.0,37.0,55.0,Male,Not available
Henly (Maester),None,,,,37.0,Male,Not available
Heward,House Stark,298.0,1.0,35.0,35.0,Male,Not available
High Sparrow,None,,,,4.0,Male,Not available
Hobb,Night's Watch,,,,52.0,Male,Not available
Hobber Redwyne,Tyrell,,,,27.0,Male,Not available
Hod,None,,,,5.0,Male,Not available
Hodor,House Stark,,,,24.0,Male,Not available
Holger,None,,,,49.0,Male,Not available
Holly,Wildling,300.0,5.0,69.0,37.0,Female,Not available
Hop-Robin,Night's Watch,,,,75.0,Male,Not available
Horas Redwyne,Tyrell,,,,27.0,Male,Not available
Horton Redfort,Arryn,,,,23.0,Male,Not available
Hosteen Frey,None,,,,59.0,Male,Not available
Hoster Tully,House Tully,299.0,3.0,35.0,71.0,Male,Not available
Hot Pie,None,,,,1.0,Male,Not available
Hother Umber,Stark,,,,16.0,Male,Not available
Howd Wanderer,Wildling,,,,58.0,Male,Not available
Hubard Rambton,Baratheon,299.0,5.0,10.0,10.0,Male,Not available
Hugh,House Arryn,298.0,1.0,29.0,25.0,Male,Not available
Hugo Vance,Tully,,,,30.0,Male,Not available
Hullen,House Stark,298.0,1.0,50.0,1.0,Male,Not available
Humfrey Swyft,Lannister,,,,16.0,Male,Not available
Husband,None,,,,11.0,Male,Not available
Hyle Hunt,None,300.0,4.0,42.0,14.0,Male,Not available
Iggo,None,299.0,3.0,3.0,3.0,Male,Not available
Illyrio Mopatis,House Targaryen,,,,3.0,Male,Not available
Ilyn Payne,Lannister,,,,15.0,Male,Not available
Imry Florent,Baratheon,299.0,3.0,4.0,58.0,Male,Not available
Iron Emmett,Night's Watch,,,,79.0,Male,Not available
Irri,House Targaryen,,,,11.0,Female,Not available
Ithoke,None,,,,11.0,Male,Not available
Jacelyn Bywater,Lannister,299.0,2.0,19.0,8.0,Female,Not available
Jack Bulwer,Night's Watch,300.0,5.0,31.0,64.0,Male,Not available
Jack-Be-Lucky,None,,,,17.0,Male,Not available
Jacks,House Stark,,,,22.0,Male,Not available
Jaggot,None,,,,42.0,Male,Not available
Jaime Lannister,Lannister,,,,5.0,Male,Nikolaj Coster-Waldau
Jalabhar Xho,None,,,,29.0,Male,Not available
Janna Tyrell,Tyrell,,,,6.0,Female,Not available
Janos Slynt,None,300.0,5.0,7.0,27.0,Male,Not available
Jaqen H'ghar,None,,,,5.0,Male,Tom Wlaschiha
Jared Frey,None,300.0,5.0,37.0,59.0,Male,Not available
Jaremy Rykker,Night's Watch,298.0,5.0,60.0,21.0,Male,Not available
Jarl,Wildling,299.0,3.0,26.0,7.0,Male,Not available
Jarman Buckwell,Night's Watch,300.0,5.0,21.0,13.0,Male,Not available
Jason Mallister,Stark,,,,28.0,Male,Not available
Jate,House Lannister,,4.0,44.0,44.0,Male,Not available
Jate Blackberry,House Baratheon,,3.0,10.0,10.0,Male,Not available
Jeor Mormont,Night's Watch,299.0,3.0,33.0,48.0,Male,James Cosmo
Jeren,Night's Watch,,,,19.0,Male,Not available
Jeyne Poole,Stark,,,,7.0,Female,Not available
Jeyne Westerling,Stark,,,,14.0,Female,Not available
Jhaqo,None,,,,68.0,Male,Not available
Jhezane,None,,,,2.0,Female,Not available
Jhiqui,House Targaryen,,,,11.0,Female,Not available
Jhogo,House Targaryen,,,,23.0,Male,Not available
Jocelyn Swyft,Lannister,,,,3.0,Female,Not available
Jodge,House Lannister,,,,30.0,Male,Not available
Jojen Reed,Stark,,,,21.0,Male,Not available
Jommy,House Baratheon,,,,0.0,Male,Not available
Jon Bettley,Lannister,,,,16.0,Male,Not available
Jon Connington,Targaryen,,,,5.0,Male,Not available
Jon Fossoway,Baratheon,,,,22.0,Male,Not available
Jon Snow,Night's Watch,,,,1.0,Male,Kit Harington
Jon Umber (Greatjon),Stark,,,,51.0,Male,Not available
Joffrey Baratheon,House Lannister,300.0,3.0,60.0,5.0,Male,Jack Gleeson
Jon Umber (Smalljon),Stark,299.0,3.0,51.0,63.0,Male,Not available
Jonelle Cerwyn,Stark,,,,53.0,Female,Not available
Jonos Bracken,Tully,,,,28.0,Male,Not available
Jorah Mormont,Targaryen,,,,23.0,Male,Iain Glen
Jory Cassel,Stark,298.0,1.0,35.0,1.0,Male,Not available
Joseran,Greyjoy,,,,11.0,Male,Not available
Joseth,House Stark,,,,37.0,Male,Not available
Josmyn Peckledon,Lannister,,,,65.0,Male,Not available
Joss,None,,,,43.0,Male,Not available
Joss Stilwood,Lannister,,,,,Male,Not available
Josua Willum,Baratheon,,,,22.0,Male,Not available
Jothos Slynt,Lannister,,,,66.0,Male,Not available
Joyeuse Erenford,None,,,,28.0,Female,Not available
Justin Massey,Baratheon,,,,7.0,Male,Not available
Jyck,House Lannister,298.0,1.0,31.0,21.0,Male,Not available
Jynessa Blackmont,Martell,,,,38.0,Female,Not available
Karyl Vance,Tully,,,,43.0,Male,Not available
Kedge Whiteye,Night's Watch,,,,43.0,Male,Not available
Kella,None,,,,68.0,Female,Not available
Kennos of Kayce,Lannister,,,,6.0,Male,Not available
Ketter,Night's Watch,,,,52.0,Male,Not available
Kenned,House Greyjoy,299.0,2.0,66.0,66.0,Male,Not available
Kerwin,House Tyrell,300.0,5.0,56.0,29.0,Male,Not available
Kevan Lannister,House Lannister,300.0,5.0,,56.0,Male,Not available
Kezmya,None,,,,2.0,Female,Not available
Khorane Sathmantes,None,,,,10.0,Male,Not available
Khrazz,None,300.0,5.0,67.0,11.0,Male,Not available
Kindly man,None,,,,6.0,Male,Not available
Kojja Mo,None,,,,35.0,Female,Not available
Koss,Night's Watch,299.0,2.0,14.0,5.0,Male,Not available
Kraznys mo Nakloz,None,299.0,3.0,27.0,23.0,Male,Not available
Kromm,House Greyjoy,299.0,2.0,66.0,56.0,Male,Not available
Kurleket,None,298.0,1.0,31.0,31.0,Male,Not available
Kurz,Night's Watch,299.0,2.0,19.0,5.0,Male,Not available
Kyle (Banners),None,299.0,3.0,39.0,39.0,Male,Not available
Kyra,House Stark,300.0,5.0,12.0,37.0,Female,Not available
Lady of the Leaves,None,,,,22.0,Female,Not available
Lambert Turnberry,Lannister,,,,7.0,Male,Not available
Lamprey,Baratheon,,,,25.0,Male,Not available
Lancel Lannister,Lannister,,,,47.0,Male,Not available
Lanna (Happy Port),None,,,,34.0,Female,Not available
Lark,Night's Watch,299.0,3.0,46.0,23.0,Male,Not available
Larra Blackmont,Martell,,,,38.0,Female,Not available
Larraq,Targaryen,,,,59.0,Male,Not available
Leathers,Night's Watch,,,,35.0,Male,Not available
Left Hand Lew,Night's Watch,,,,48.0,Male,Not available
Lem,None,,,,13.0,Male,Not available
Lennocks,None,,,34.0,34.0,Male,Not available
Lenwood Tawney,Greyjoy,,,,18.0,Male,Not available
Leo Lefford,Lannister,299.0,2.0,45.0,62.0,Male,Not available
Leo Tyrell,Tyrell,,,,0.0,Male,Not available
Leobald Tallhart,Stark,299.0,2.0,66.0,16.0,Male,Not available
Leona Woolfield,Stark,,,,19.0,Female,Not available
Leonette Fossoway,Tyrell,,,,6.0,Female,Not available
Lew,House Stark,,,,7.0,Male,Not available
Lewis Lanster,None,,,,25.0,Male,Not available
Lewys Lydden,Lannister,,,,62.0,Male,Not available
Lewys Piper,Lannister,,,,27.0,Male,Not available
Lharys,Stark,298.0,1.0,34.0,31.0,Male,Not available
Little Walder Frey,None,300.0,5.0,51.0,59.0,Male,Not available
Lollys Stokeworth,Lannister,,,,2.0,Female,Not available
Lommy,Night's Watch,299.0,2.0,19.0,1.0,Male,Not available
Loras Tyrell,Tyrell,,,,18.0,Male,Not available
Lorcas,None,,,,45.0,Male,Not available
Lord of Bones,Wildling,300.0,5.0,10.0,68.0,Male,Not available
Lorent Caswell,Baratheon,,,,22.0,Male,Not available
Lorren,Greyjoy,299.0,2.0,66.0,37.0,Male,Not available
Lothar Frey,None,,,,35.0,Male,Not available
Lothor Brune,None,,,,29.0,Male,Not available
Lucan,None,299.0,2.0,64.0,38.0,Male,Not available
Lucas Blackwood,Tully,299.0,3.0,51.0,22.0,Male,Not available
Lucas Codd,Greyjoy,,,,11.0,Male,Not available
Lucias Vypren,None,,,,49.0,Male,Not available
Luco Prestayn,None,,,,22.0,Male,Not available
Luke of Longtown,Night's Watch,,,,35.0,Male,Not available
Luton,None,300.0,5.0,51.0,37.0,Male,Not available
Luwin,House Stark,299.0,2.0,69.0,14.0,Male,Not available
Lyle Crakehall,Lannister,,,,12.0,Male,Not available
Lyman Darry,Tully,299.0,3.0,7.0,71.0,Male,Not available
Lymond Goodbrook,Tully,,,,45.0,Male,Not available
Lymond Lychester,Tully,,,,22.0,Male,Not available
Lyn Corbray,Arryn,,,,38.0,Male,Not available
Lyonel,None,,,,38.0,Male,Not available
Lysa Tully,House Arryn,300.0,3.0,,34.0,Female,Not available
Lysono Maar,None,,,,24.0,Male,Not available
Mace Tyrell,House Tyrell,,,,62.0,Male,Not available
Mad Huntsman,None,,,,29.0,Male,Not available
Maege Mormont,Stark,,,,53.0,Female,Not available
Maerie (Goodwife),None,299.0,3.0,34.0,34.0,Female,Not available
Maerie (Whore),None,299.0,3.0,34.0,34.0,Female,Not available
Mag Mar Tun Doh Weg,Wildling,300.0,3.0,64.0,15.0,Male,Not available
Mago,None,,,,61.0,Male,Not available
Mallador Locke,Night's Watch,299.0,5.0,18.0,13.0,Male,Not available
Malliard,Lannister,,,,20.0,Male,Not available
Mallor,House Lannister,,,,63.0,Male,Not available
Mance Rayder,Wildling,,,,15.0,Male,Not available
Mandon Moore,Baratheon,299.0,2.0,61.0,51.0,Male,Not available
Maric Seaworth,House Baratheon,299.0,2.0,58.0,10.0,Male,Not available
Marei,None,,,,29.0,Female,Not available
Margaery Tyrell,House Tyrell,,,,22.0,Female,Natalie Dormer
Marillion,Arryn,300.0,4.0,23.0,28.0,Male,Not available
Maris,Wildling,,,,58.0,Female,Not available
Marissa Frey,None,,,,49.0,Female,Not available
Mariya Darry,None,,,,30.0,Female,Not available
Mark Mullendore,Tully,,,,22.0,Male,Not available
Marlon Manderly,Stark,,,,19.0,Male,Not available
Maron Volmark,Greyjoy,,,,18.0,Male,Not available
Marq Piper,Tully,,,,56.0,Male,Not available
Martyn Rivers,None,,,,29.0,Male,Not available
Marwyn,None,,,,0.0,Male,Not available
Marwyn Belmore,Arryn,,,,10.0,Male,Not available
Masha Heddle,Tully,298.0,1.0,56.0,28.0,Female,Not available
Maslyn,Night's Watch,299.0,3.0,18.0,0.0,Male,Not available
Mathis Rowan,Lannister,,,,22.0,Male,Not available
Mathos Mallarawan,None,,,,40.0,Male,Not available
Matrice,Baratheon,,,,0.0,Female,Not available
Matthos Seaworth,Baratheon,299.0,2.0,58.0,10.0,Male,Not available
Matthar,Night's Watch,,,,41.0,Male,Not available
Mawney,Night's Watch,300.0,5.0,4.0,18.0,Male,Not available
Mebble,None,,,,47.0,Male,Not available
Medger Cerwyn,Stark,299.0,2.0,30.0,53.0,Male,Not available
Meera Reed,Stark,,,,21.0,Female,Not available
Megga Tyrell,House Tyrell,,,,6.0,Female,Not available
Meha,Wildling,,,,0.0,Female,Not available
Mela,House Arryn,,,,23.0,Female,Not available
Meldred Merlyn,Greyjoy,,,,1.0,Male,Not available
Meliana,Stark,,,,69.0,Female,Not available
Melisandre,Baratheon,,,,0.0,Female,Carice van Houten
Mellei,House Martell,,,,40.0,Female,Not available
Melly,None,,,,34.0,Female,Not available
Meredyth Crane,Tyrell,,,,61.0,Female,Not available
Meribald,None,,,,25.0,Male,Not available
Merlon Crakehall,Lannister,,,,38.0,Male,Not available
Mero,None,299.0,3.0,57.0,42.0,Male,Not available
Merrett Frey,None,300.0,3.0,,59.0,Male,Not available
Meryn Trant,Lannister,,,,8.0,Male,Not available
Mezzara,None,,,,2.0,Female,Not available
Mikken,House Stark,299.0,2.0,46.0,8.0,Male,Not available
Miklaz,None,,,,2.0,Male,Not available
Mirri Maz Duur,None,299.0,1.0,72.0,61.0,Female,Not available
Missandei,House Targaryen,,,,23.0,Female,Nathalie Emmanuel
Mohor,None,298.0,1.0,31.0,31.0,Male,Not available
Mollander,None,,,,0.0,Male,Not available
Monford Velaryon,Baratheon,299.0,3.0,25.0,0.0,Male,Not available
Monster,Wildling,,,,33.0,Male,Not available
Moon Boy,Baratheon,,,,29.0,Male,Not available
Moqorro,Greyjoy,,,,33.0,Male,Not available
Mord,House Arryn,,,,38.0,Male,Not available
Mordane,House Stark,298.0,1.0,67.0,7.0,Female,Not available
Moreo Tumitis,None,,,,18.0,Male,Not available
Morgarth,None,,,,41.0,Male,Not available
Morna White Mask,Wildling,,,,48.0,Female,Not available
Moro,None,,,,3.0,Male,Not available
Morra,House Martell,,,,40.0,Female,Not available
Morrec,House Lannister,298.0,1.0,31.0,13.0,Male,Not available
Morros Slynt,Lannister,,,,2.0,Male,Not available
Mors Manwoody,Martell,,,,38.0,Male,Not available
Mors Umber,Stark,,,,21.0,Male,Not available
Morton Waynwood,Arryn,,,,40.0,Male,Not available
Mudge (miller),None,299.0,3.0,34.0,34.0,Male,Not available
Mully,Night's Watch,,,,55.0,Male,Not available
Munciter,Lannister,,,,20.0,Male,Not available
Murch,Night's Watch,,,,9.0,Male,Not available
Murch (Winterfell),House Stark,,,,50.0,Male,Not available
Mossador,House Targaryen,300.0,5.0,11.0,11.0,Male,Not available
Murenmure,Greyjoy,,,,1.0,Male,Not available
Muttering Bill,Night's Watch,300.0,5.0,4.0,,Male,Not available
Mya Stone,Arryn,,,,34.0,Female,Not available
Mycah,Stark,298.0,1.0,16.0,15.0,Male,Not available
Myles,House Martell,,,,2.0,Male,Not available
Myles Manwoody,Martell,,,,38.0,Male,Not available
Myranda Royce,Arryn,,,,41.0,Female,Not available
Myrcella Baratheon,Lannister,,,,5.0,Female,Not available
Myria Jordayne,Martell,,,,38.0,Female,Not available
Myrtle,Wildling,300.0,5.0,69.0,37.0,Female,Not available
Nage,None,,,,44.0,Male,Not available
Myles,House Tully,299.0,2.0,39.0,39.0,Male,Not available
Nan,House Stark,,,,1.0,Female,Not available
Narbert,None,,,,31.0,Male,Not available
Nestor Royce,Arryn,,,,34.0,Male,Not available
Nolla,None,299.0,3.0,34.0,34.0,Female,Not available
Norjen,Greyjoy,,,,1.0,Male,Not available
Nurse,None,300.0,5.0,57.0,57.0,Male,Not available
Notch,None,,,,43.0,Male,Not available
Nute,House Greyjoy,,,,18.0,Male,Not available
Nymella Toland,Martell,,,,38.0,Female,Not available
Nymeria Sand,House Martell,,,,2.0,Female,Not available
Obara Sand,House Martell,,,,2.0,Female,Not available
Oberyn Martell,House Martell,300.0,3.0,70.0,38.0,Male,Not available
Ogo,None,298.0,1.0,61.0,46.0,Male,Not available
Old Henly,Night's Watch,299.0,3.0,55.0,55.0,Male,Not available
Olenna Redwyne,Tyrell,,,,19.0,Female,Not available
Ollo Lophand,Night's Watch,300.0,5.0,4.0,0.0,Male,Not available
Olyvar Frey,None,,,,59.0,Male,Not available
Ondrew Locke,Stark,,,,37.0,Male,Not available
Oppo,None,300.0,4.0,17.0,60.0,Male,Not available
Orell,Wildling,299.0,2.0,51.0,51.0,Male,Not available
Orphan Oss,Night's Watch,300.0,5.0,4.0,,Male,Not available
Orton Merryweather,Lannister,,,,11.0,Male,Not available
Osfryd Kettleblack,Lannister,,,,41.0,Male,Not available
Osha,House Stark,,,,37.0,Female,Not available
Osmund Kettleblack,Lannister,,,,41.0,Male,Not available
Osney Kettleblack,Lannister,,,,41.0,Male,Not available
Ossy,Arryn,,,,41.0,Male,Not available
Oswell Kettleblack,None,,,,68.0,Male,Not available
Othell Yarwyck,Night's Watch,,,,48.0,Male,Not available
Ottyn Wythers,Night's Watch,299.0,3.0,48.0,13.0,Male,Not available
Owen,Night's Watch,,,,55.0,Male,Not available
Owen Norrey,Tully,299.0,3.0,51.0,51.0,Male,Not available
Oznak zo Pahl,None,299.0,3.0,57.0,57.0,Male,Not available
Palla,House Stark,,,,46.0,Female,Not available
Parmen Crane,Baratheon,,,,22.0,Male,Not available
Patchface,Baratheon,,,,0.0,Male,Not available
Pate (novice),None,300.0,4.0,0.0,0.0,Male,Not available
Pate (Lancewood),None,299.0,3.0,34.0,34.0,Male,Not available
Pate (Night's Watch),Night's Watch,,,,60.0,Male,Not available
Pate (Old),None,,,34.0,13.0,Male,Not available
Patrek of King's Mountain,Baratheon,300.0,5.0,69.0,44.0,Male,Not available
Patrek Mallister,Tully,,,,28.0,Male,Not available
Paxter Redwyne,Tyrell,,,,65.0,Male,Not available
Pello,None,,,,17.0,Male,Not available
Penny,None,,,,60.0,Female,Not available
Perros Blackmont,Martell,,,,38.0,Male,Not available
Perwyn Frey,None,,,,29.0,Male,Not available
Petyr Baelish,None,,,,18.0,Male,Not available
Petyr Frey,None,300.0,3.0,,49.0,Male,Not available
Philip Foote,Lannister,,,,65.0,Male,Not available
Pia,None,,,,30.0,Female,Not available
Podrick Payne,Lannister,,,,62.0,Male,Not available
Polliver,None,300.0,3.0,27.0,26.0,Male,Not available
Pono,None,,,,68.0,Male,Not available
Porridge,Baratheon,,,,25.0,Male,Not available
Porther,House Stark,299.0,2.0,21.0,22.0,Male,Not available
Poul Pemford,House Tully,299.0,2.0,39.0,39.0,Male,Not available
Poxy Tym,House Stark,299.0,2.0,69.0,16.0,Male,Not available
Praed,None,299.0,2.0,9.0,5.0,Male,Not available
Prendahl na Ghezn,None,299.0,3.0,42.0,42.0,Male,Not available
Preston Greenfield,Baratheon,299.0,2.0,41.0,43.0,Male,Not available
Pyat Pree,None,,,,12.0,Male,Not available
Pycelle,House Lannister,300.0,5.0,,20.0,Male,Not available
Pyg,None,300.0,4.0,20.0,20.0,Male,Not available
Pylos,Baratheon,,,,0.0,Male,Not available
Pypar,Night's Watch,,,,19.0,Male,Not available
Qarl Shepherd,Greyjoy,,,,26.0,Male,Not available
Qarl the Maid,Greyjoy,,,,42.0,Male,Not available
Qezza,None,,,,2.0,Female,Not available
Qhorin Halfhand,Night's Watch,299.0,2.0,68.0,43.0,Male,Not available
Qotho,None,298.0,1.0,61.0,11.0,Male,Not available
Quaithe,None,,,,12.0,Female,Not available
Quaro,Targaryen,298.0,1.0,64.0,50.0,Male,Not available
Quellon Humble,Greyjoy,,,,18.0,Male,Not available
Quent,House Stark,,,,37.0,Male,Not available
Quenten Banefort,Lannister,,,,16.0,Male,Not available
Quentyn Martell,Martell,300.0,5.0,70.0,6.0,Male,Not available
Quhuru Mo,None,,,,27.0,Male,Not available
Qyburn,Lannister,,,,64.0,Male,Not available
Quort,Wildling,299.0,3.0,55.0,41.0,Male,Not available
Qyle,Night's Watch,299.0,2.0,2.0,2.0,Male,Not available
Rafford,None,,,,19.0,Male,Not available
Ragnor Pyke,House Greyjoy,,,,29.0,Male,Not available
Ragwyle,Wildling,,,,68.0,Female,Not available
Rakharo,House Targaryen,,,,54.0,Male,Not available
Ralf Kenning,Greyjoy,300.0,5.0,20.0,18.0,Male,Not available
Ralf Stonehouse,Greyjoy,,,,18.0,Male,Not available
Ralf the Limper,Greyjoy,,,,18.0,Male,Not available
Ramsay Snow,None,,,,16.0,Male,Not available
Randa,None,299.0,3.0,34.0,34.0,Female,Not available
Randyll Tarly,Tyrell,,,,22.0,Male,Not available
Rast,Night's Watch,299.0,3.0,26.0,55.0,Male,Not available
Ravella Swann,Tully,,,,22.0,Female,Not available
Raymar Royce,Arryn,,,,45.0,Male,Not available
Raymun Darry,Targaryen,298.0,1.0,55.0,16.0,Male,Not available
Raymund Frey,None,,,,49.0,Male,Not available
Raynald Westerling,Stark,299.0,3.0,44.0,14.0,Male,Not available
Red Alyn,Night's Watch,300.0,3.0,69.0,55.0,Male,Not available
Red Rolfe,House Greyjoy,299.0,2.0,66.0,66.0,Male,Not available
Reek,None,299.0,2.0,35.0,16.0,Male,Not available
Renly Baratheon,House Baratheon,299.0,2.0,33.0,15.0,Male,Not available
Reysen,Night's Watch,,,,5.0,Male,Not available
Reznak mo Reznak,None,,,,2.0,Male,Not available
Rhaegar Frey,None,300.0,5.0,29.0,19.0,Male,Not available
Rhogoro,None,,,,3.0,Male,Not available
Ricasso,House Martell,,,,2.0,Male,Not available
Richard Horpe,Baratheon,,,,17.0,Male,Not available
Rickard Karstark,Stark,299.0,3.0,20.0,53.0,Male,Not available
Rickard Ryswell,Stark,,,,20.0,Male,Not available
Rickon Stark,House Stark,,,,7.0,Male,Not available
Rigney,None,,,,11.0,Male,Not available
Robar Royce,Baratheon,299.0,2.0,6.0,29.0,Male,Not available
Robb Stark,House Stark,299.0,3.0,51.0,1.0,Male,Richard Madden
Robert Baratheon,House Baratheon,298.0,1.0,47.0,4.0,Male,Mark Addy
Robert Arryn,House Arryn,,,,40.0,Male,Not available
Robett Glover,Stark,,,,53.0,Male,Not available
Robin Flint,Stark,299.0,3.0,51.0,63.0,Male,Not available
Robin Moreland,Lannister,,,,16.0,Male,Not available
Robin Ryger,Tully,,,,7.0,Male,Not available
Rodrik Cassel,Stark,299.0,2.0,66.0,7.0,Male,Not available
Rodrik Harlaw,Greyjoy,,,,11.0,Male,Not available
Rodrik Ryswell,None,,,,32.0,Male,Not available
Roger Hogg,Lannister,,,,27.0,Male,Not available
Roger Ryswell,Stark,,,,20.0,Male,Not available
Roland Crakehall (Lord),Lannister,,,,32.0,Male,Not available
Rolder,House Lannister,,,,21.0,Male,Not available
Rolfe,Greyjoy,,,,24.0,Male,Not available
Rollam Westerling,Stark,,,,14.0,Male,Not available
Rolfe the Dwarf,House Greyjoy,300.0,5.0,26.0,26.0,Male,Not available
Rolley,Night's Watch,299.0,3.0,33.0,0.0,Male,Not available
Rolly Duckfield,Targaryen,,,,8.0,Male,Not available
Rolph Spicer,Lannister,,,,14.0,Male,Not available
Romny Weaver,Greyjoy,,,,18.0,Male,Not available
Ronald Storm,None,,,,61.0,Male,Not available
Ronnel Harclay,Night's Watch,,,,48.0,Male,Not available
Ronnet Connington,Baratheon,,,,22.0,Male,Not available
Roose Bolton,Stark,,,,33.0,Male,Michael McElhatton
Roose Ryswell,None,,,,32.0,Male,Not available
Rorge,None,300.0,4.0,37.0,1.0,Male,Not available
Roslin Frey,None,,,,35.0,Female,Not available
Rowan,Wildling,300.0,5.0,69.0,37.0,Male,Not available
Rudge,Night's Watch,,,,60.0,Male,Not available
Rusty Flowers,Night's Watch,,,,7.0,Male,Not available
Ryger Rivers,None,,,,59.0,Male,Not available
Ryk,Wildling,,,,7.0,Male,Not available
Rupert Brax,House Lannister,299.0,2.0,32.0,32.0,Male,Not available
Ryman Frey,None,300.0,4.0,44.0,14.0,Male,Not available
Rymolf Stormdrunk,House Greyjoy,,,,24.0,Male,Not available
Ryon Allyrion,Martell,,,,38.0,Male,Not available
Salladhor Saan,Baratheon,,,,0.0,Male,Not available
Sallor,None,299.0,3.0,42.0,42.0,Male,Not available
Samwell Tarly,Night's Watch,,,,70.0,Male,John Bradley
Sandor Clegane,None,300.0,4.0,31.0,7.0,Male,Not available
Sawane Botley,Greyjoy,299.0,4.0,18.0,1.0,Male,Not available
Sansa Stark,Stark,,,,7.0,Female,Sophie Turner
Sarella Sand,House Martell,,,,2.0,Female,Not available
Sarra Frey,None,,,,49.0,Female,Not available
Satin,Night's Watch,,,,6.0,Male,Not available
Sawwood,Night's Watch,,,,0.0,Male,Not available
Sedgekins,None,,,,50.0,Male,Not available
Selyse Florent,Baratheon,,,,0.0,Female,Not available
Senelle,House Lannister,300.0,4.0,24.0,3.0,Female,Not available
Serra Frey,None,,,,49.0,Female,Not available
Shadrich,None,,,,4.0,Male,Not available
Shae,Lannister,300.0,3.0,77.0,62.0,Female,Sibel Kekilli
Shagga,Lannister,,,,39.0,Male,Not available
Shagwell,None,300.0,4.0,20.0,30.0,Male,Not available
Sharna,None,,,,11.0,Female,Not available
Shireen Baratheon,Baratheon,,,,0.0,Female,Not available
Shirei Frey,None,,,,49.0,Female,Not available
Shyra Errol,Baratheon,300.0,4.0,,42.0,Female,Not available
Sigfry Stonetree,Greyjoy,,,,19.0,Male,Not available
Skahaz mo Kandaq,None,,,,2.0,Male,Not available
Skinner,None,,,,12.0,Male,Not available
Small Paul,Night's Watch,299.0,3.0,18.0,0.0,Male,Not available
Softfoot,Night's Watch,299.0,3.0,18.0,0.0,Male,Not available
Sour Alyn,None,,,,12.0,Male,Not available
Spare Boot,Night's Watch,,,,55.0,Male,Not available
Spotted Cat,None,,,,11.0,Male,Not available
Spotted Pate of Maidenpool,Night's Watch,299.0,3.0,55.0,0.0,Male,Not available
Squint,House Greyjoy,299.0,2.0,50.0,50.0,Male,Not available
Squirrel,Wildling,300.0,5.0,69.0,37.0,Female,Not available
Stalwart Shield,Targaryen,300.0,5.0,2.0,2.0,Male,Not available
Steelskin,None,,,,11.0,Male,Not available
Steffon Swyft,Lannister,,,,27.0,Male,Not available
Stevron Frey,Stark,299.0,2.0,35.0,59.0,Male,Not available
Stiv,Wildling,298.0,1.0,37.0,37.0,Male,Not available
Stone Thumbs,Wildling,299.0,3.0,55.0,41.0,Male,Not available
Stonesnake,Night's Watch,,,,43.0,Male,Not available
Stygg,House Greyjoy,,,,37.0,Male,Not available
Styr,Wildling,300.0,3.0,26.0,7.0,Male,Not available
Sybassion,None,,,,63.0,Male,Not available
Sybell Spicer,Lannister,,,,14.0,Female,Not available
Sybelle Glover,Stark,,,,26.0,Female,Not available
Sylva Santagar,Martell,,,,21.0,Female,Not available
Symon Silver Tongue,Lannister,299.0,3.0,32.0,44.0,Male,Not available
Symon Stripeback,Targaryen,,,,70.0,Male,Not available
Symond Frey,None,300.0,5.0,29.0,19.0,Male,Not available
Symond Templeton,Arryn,,,,10.0,Male,Not available
Syrio Forel,House Stark,298.0,1.0,50.0,22.0,Male,Not available
Taena of Myr,Lannister,,,,6.0,Female,Not available
Tal Toraq,Targaryen,,,,70.0,Male,Not available
Tallad,Lannister,,,,17.0,Male,Not available
Tanda Stokeworth,Lannister,300.0,4.0,32.0,2.0,Female,Not available
Tanton Fossoway,Baratheon,,,,22.0,Male,Not available
Ternesio Terys,None,,,,74.0,Male,Not available
Terrance Lynderly,Arryn,,,,41.0,Male,Not available
The Red Lamb,House Targaryen,,,,67.0,Male,Not available
Theo Frey,None,,,,29.0,Male,Not available
Theodan Wells,Stark,,,,43.0,Male,Not available
Theomore Lannister,None,,,,19.0,Male,Not available
Theon Greyjoy,House Greyjoy,,,,1.0,Male,Alfie Allen
Thistle,Wildling,300.0,5.0,0.0,0.0,Female,Not available
Thoren Smallwood,Night's Watch,299.0,3.0,18.0,6.0,Male,Not available
Thoros,None,,,,29.0,Male,Not available
Three Toes,None,,,,44.0,Male,Not available
Three-Tooth,Greyjoy,,,,11.0,Female,Not available
Tickler,Lannister,300.0,3.0,74.0,26.0,Male,Not available
Tim Tangletongue,Night's Watch,,,,69.0,Male,Not available
Timeon,None,300.0,4.0,20.0,21.0,Male,Not available
Timett,Lannister,,,,56.0,Male,Not available
Timon,Baratheon,,,,65.0,Male,Not available
Tion Frey,Lannister,299.0,3.0,20.0,20.0,Female,Not available
Tobho Mott,None,,,,27.0,Male,Not available
Todder,Night's Watch,,,,19.0,Male,Not available
Todric,Greyjoy,299.0,2.0,37.0,37.0,Male,Not available
Tom of Sevenstreams,None,,,,13.0,Male,Not available
Tomard,House Stark,298.0,1.0,49.0,22.0,Male,Not available
Tormund,Wildling,,,,7.0,Male,Not available
Torrek,None,,,,42.0,Male,Not available
Torrhen Karstark,Stark,298.0,1.0,63.0,53.0,Male,Not available
Tothmure,Lannister,299.0,2.0,64.0,30.0,Male,Not available
Tregar,House Lannister,298.0,1.0,39.0,35.0,Male,Not available
Tremond Gargalen,Martell,,,,38.0,Male,Not available
Tristifer Botley,Greyjoy,,,,11.0,Male,Not available
Triston Sunderland,Lannister,,,,9.0,Male,Not available
Tuffleberry,None,,,,38.0,Male,Not available
Tumberjon,Night's Watch,,,,0.0,Male,Not available
Tumco Lho,Targaryen,,,,67.0,Male,Not available
Tybero Istarion,None,,,,66.0,Male,Not available
Tycho Nestoris,None,,,,44.0,Male,Not available
Tyene Sand,House Martell,,,,38.0,Female,Not available
Tymor,House Greyjoy,299.0,2.0,66.0,37.0,Male,Not available
Tyrek Lannister,House Lannister,299.0,2.0,41.0,30.0,Male,Not available
Tyrion Lannister,Lannister,,,,4.0,Male,Peter Dinklage
Tyta Frey,None,,,,49.0,Female,Not available
Tytos Blackwood,Tully,,,,56.0,Male,Not available
Tytos Brax,Lannister,,,,63.0,Male,Not available
Tytos Frey,None,299.0,3.0,,,Male,Not available
Tywin Lannister,House Lannister,300.0,3.0,77.0,42.0,Male,Charles Dance
Ulf son of Umar,Lannister,298.0,1.0,62.0,56.0,Male,Not available
Ulf the Ill,House Greyjoy,299.0,2.0,66.0,66.0,Male,Not available
Ulmer,Night's Watch,,,,33.0,Male,Not available
Ulwyck Uller,Martell,,,,38.0,Male,Not available
Umar,None,,,,56.0,Male,Not available
Umfred,None,,,,68.0,Male,Not available
Unella,None,,,,43.0,Male,Not available
Urreg,Night's Watch,299.0,2.0,19.0,14.0,Male,Not available
Urswyck,None,,,,21.0,Male,Not available
Utherydes Wayn,Tully,,,,71.0,Male,Not available
Utt,None,299.0,3.0,39.0,30.0,Male,Not available
Val,Wildling,,,,7.0,Female,Not available
Varamyr,Wildling,300.0,5.0,0.0,15.0,Male,Not available
Vardis Egen,Arryn,298.0,1.0,40.0,34.0,Male,Not available
Vargo Hoat,None,300.0,3.0,20.0,30.0,Male,Not available
Varys,Targaryen,,,,25.0,Male,Conleth Hill
Vayon Poole,Stark,298.0,1.0,21.0,7.0,Male,Not available
Victarion Greyjoy,House Greyjoy,,,,24.0,Male,Not available
Viserys Targaryen,House Targaryen,298.0,1.0,46.0,3.0,Male,Harry Lloyd
Vylarr,House Lannister,,,,3.0,Male,Not available
Vyman,Tully,,,,55.0,Male,Not available
Waif,None,,,,6.0,Female,Not available
Walda Rivers (daughter of Aemon),None,,,,49.0,Female,Not available
Walder Frey,None,,,,28.0,Male,Not available
Walder Rivers,None,,,,35.0,Male,Not available
Wallen,Wildling,298.0,1.0,37.0,37.0,Male,Not available
Walton,None,,,,64.0,Male,Not available
Wat (orphan),None,,,,37.0,Male,Not available
Wat (sailor),None,,,,34.0,Male,Not available
Watt,Night's Watch,299.0,3.0,75.0,69.0,Male,Not available
Watty,None,,,,39.0,Male,Not available
Waymar Royce,Night's Watch,297.0,1.0,0.0,0.0,Male,Not available
Wayn (guard),House Stark,,,,37.0,Male,Not available
Weasel,None,,,,9.0,Female,Not available
Weeper,Wildling,,,,7.0,Male,Not available
Weese,Lannister,299.0,2.0,38.0,26.0,Male,Not available
Wendel Manderly,Stark,299.0,3.0,51.0,55.0,Male,Not available
Wendello Qar Deeth,None,,,,40.0,Male,Not available
Werlag,House Greyjoy,299.0,2.0,66.0,37.0,Male,Not available
Wex Pyke,Stark,,,,24.0,Male,Not available
Whalen Frey,None,,,,59.0,Male,Not available
Wilbert,Stark,298.0,3.0,29.0,29.0,Male,Not available
Will,Night's Watch,297.0,1.0,0.0,0.0,Male,Not available
Will (orphan),None,,,,37.0,Male,Not available
Willam Wells,Martell,300.0,5.0,6.0,6.0,Male,Not available
Willem Lannister,House Lannister,299.0,3.0,20.0,19.0,Male,Not available
William Mooton,Tully,,,,14.0,Male,Not available
Willis Wode,Arryn,,,,31.0,Male,Not available
Willit,Lannister,,,,65.0,Male,Not available
Willow Witch-eye,Wildling,300.0,5.0,69.0,37.0,Female,Not available
Willum,Tully,,,,43.0,Male,Not available
Woth,Night's Watch,299.0,2.0,14.0,14.0,Male,Not available
Wulfe,House Greyjoy,,,,29.0,Male,Not available
Wun Weg Wun Dar Wun,Wildling,,,,35.0,Male,Not available
Wyl (guard),House Stark,298.0,1.0,35.0,35.0,Male,Not available
Wyl the Whittler,None,299.0,3.0,34.0,34.0,Male,Not available
Wylis Manderly,Stark,,,,55.0,Male,Not available
Wylla Manderly,Stark,,,,19.0,Female,Not available
Wyman Manderly,Stark,,,,16.0,Male,Not available
Wynafryd Manderly,Stark,,,,19.0,Male,Not available
Wynton Stout,Night's Watch,,,,41.0,Male,Not available
Xaro Xhoan Daxos,None,,,,12.0,Male,Not available
Xhondo,None,,,,26.0,Male,Not available
Yandry,House Targaryen,,,,8.0,Male,Not available
Yellow Dick,None,300.0,5.0,46.0,12.0,Male,Not available
Ygon Farwynd,Greyjoy,,,,19.0,Male,Not available
Ygritte,Wildling,299.0,3.0,55.0,51.0,Female,Rose Leslie
Yohn Farwynd,Greyjoy,,,,19.0,Male,Not available
Yohn Royce,Arryn,,,,29.0,Male,Not available
Yoren,Night's Watch,299.0,2.0,19.0,13.0,Male,Not available
Young Henly,Night's Watch,299.0,3.0,55.0,55.0,Male,Not available
Ysilla,House Targaryen,,,,8.0,Male,Not available
Zei,Stark,,,,64.0,Female,Not available
Zollo,None,,,,21.0,Male,Not available
Yurkhaz zo Yunzak,None,300.0,5.0,59.0,47.0,Male,Not available
Yezzan Zo Qaggaz,None,300.0,5.0,57.0,25.0,Male,Not available
Torwynd the Tame,Wildling,300.0,5.0,73.0,73.0,Male,Not available
Talbert Serry,Tyrell,300.0,4.0,29.0,29.0,Male,Not available
